{
  "config": {
    "model_name": "fashion-mnist",
    "node_id": 0,
    "num_nodes": 2,
    "epochs": 50,
    "batch_size": 32,
    "optimizer": "adam",
    "learning_rate": 0.001,
    "dp_enabled": true,
    "cascaded_dp": true,
    "l2_norm_clip": 1.0,
    "noise_multiplier": 0.5,
    "microbatches": 32
  },
  "performance": {
    "training_time_seconds": 1438.27,
    "final_test_loss": 0.3322697877883911,
    "final_test_accuracy": 0.8838000297546387,
    "final_test_f1_macro": 0.8839400930337424
  },
  "privacy": {
    "epsilon": 7.6434,
    "delta": 3.3333333333333335e-05,
    "dp_drop_epoch": 21,
    "snr_plateau_eps": 0.02,
    "acc_plateau_eps": 0.005,
    "dp_drop_reason": {
      "epoch": 21,
      "snr_plateau_eps": 0.02,
      "acc_plateau_eps": 0.005,
      "snr_rel_change": 0.001724132234416988,
      "acc_rel_change": 0.0011076560387244592,
      "rolling_snr": 46.644836982759806,
      "rolling_acc": 0.8104857121195111,
      "noise_std": 0.08838834764831843,
      "snr_history": [
        26.799591121516727,
        33.018568881496996,
        35.39378777476254,
        37.33652227798258,
        39.79688967379266,
        41.1069442795892,
        38.275847539740845,
        42.71362314527871,
        38.86532428747735,
        39.78761062362451,
        42.04164727961254,
        45.723806902071665,
        42.56037046059734,
        48.881140210141794,
        41.38980668307144,
        53.512367557556104,
        44.899904932210376,
        46.9688169846284,
        49.698739439124324,
        44.983333034116185,
        45.06089024861182
      ],
      "acc_history": [
        0.5978000164031982,
        0.6638000011444092,
        0.6858999729156494,
        0.7394999861717224,
        0.7354999780654907,
        0.7547000050544739,
        0.7739999890327454,
        0.7759000062942505,
        0.784500002861023,
        0.7890999913215637,
        0.7961999773979187,
        0.7968999743461609,
        0.8011999726295471,
        0.7994999885559082,
        0.807200014591217,
        0.8086000084877014,
        0.8082000017166138,
        0.8118000030517578,
        0.8116999864578247,
        0.8125,
        0.8133999705314636
      ]
    }
  }
}