{
  "config": {
    "model_name": "fashion-mnist",
    "node_id": 0,
    "num_nodes": 2,
    "epochs": 50,
    "batch_size": 32,
    "optimizer": "adam",
    "learning_rate": 0.001,
    "dp_enabled": true,
    "cascaded_dp": true,
    "l2_norm_clip": 1.0,
    "noise_multiplier": 0.8,
    "microbatches": 32
  },
  "performance": {
    "training_time_seconds": 1527.63,
    "final_test_loss": 0.3353414833545685,
    "final_test_accuracy": 0.8816999793052673,
    "final_test_f1_macro": 0.8812536739490838
  },
  "privacy": {
    "epsilon": 1.4776,
    "delta": 3.3333333333333335e-05,
    "dp_drop_epoch": 22,
    "snr_plateau_eps": 0.02,
    "acc_plateau_eps": 0.005,
    "dp_drop_reason": {
      "epoch": 22,
      "snr_plateau_eps": 0.02,
      "acc_plateau_eps": 0.005,
      "snr_rel_change": 0.00052461593105597,
      "acc_rel_change": 0.0016276911830048473,
      "rolling_snr": 27.812538707783876,
      "rolling_acc": 0.7919999957084656,
      "noise_std": 0.1414213562373095,
      "snr_history": [
        13.40822327830408,
        16.687877429193602,
        20.16432634254849,
        22.126583805478443,
        23.48220212165339,
        25.456443788076324,
        25.016183034740738,
        24.71862004652025,
        27.647795166534273,
        24.93275604551173,
        27.010920039244944,
        26.376533093304307,
        26.72618385431287,
        26.60877419830431,
        26.10684485057716,
        26.509093614121863,
        27.45059630008538,
        26.399428441527185,
        28.86892339487314,
        27.808497053808857,
        28.818056869167524,
        28.833175280903166
      ],
      "acc_history": [
        0.5879999995231628,
        0.6331999897956848,
        0.6517000198364258,
        0.683899998664856,
        0.7102000117301941,
        0.7251999974250793,
        0.7400000095367432,
        0.7447999715805054,
        0.7477999925613403,
        0.7592999935150146,
        0.7621999979019165,
        0.7615000009536743,
        0.767799973487854,
        0.7754999995231628,
        0.7799999713897705,
        0.7857999801635742,
        0.7893000245094299,
        0.7840999960899353,
        0.7910000085830688,
        0.7950999736785889,
        0.7986999750137329,
        0.800000011920929
      ]
    }
  }
}