{
  "config": {
    "model_name": "fashion-mnist",
    "node_id": 1,
    "num_nodes": 2,
    "epochs": 50,
    "batch_size": 32,
    "optimizer": "adam",
    "learning_rate": 0.001,
    "dp_enabled": true,
    "dual_phase_dp": true,
    "l2_norm_clip": 1.0,
    "noise_multiplier": 0.8,
    "microbatches": 32
  },
  "performance": {
    "training_time_seconds": 1432.95,
    "final_test_loss": 0.3304157257080078,
    "final_test_accuracy": 0.8805999755859375,
    "final_test_f1_macro": 0.8795435622251804
  },
  "privacy": {
    "eps_at_drop": 1.438,
    "eps_final": 1.438,
    "delta": 3.3333333333333335e-05,
    "dp_phase1_epochs": 20,
    "dp_drop_reason": {
      "epoch": 20,
      "curvature_threshold": 0.02,
      "smoothed_curvature": 0.034306185586111884,
      "loss_at_drop": 1.0075781345367432,
      "loss_velocity_window": [
        0.020770549774169922,
        -0.006696343421936035,
        -0.005282998085021973,
        -0.042005300521850586,
        0.020888090133666992,
        -0.011749267578125,
        -0.008474469184875488
      ]
    },
    "curvature_threshold": 0.02,
    "curvature_window": 7,
    "loss_history": [
      1.8170963525772095,
      1.2718918323516846,
      1.098874807357788,
      1.049285888671875,
      1.0373188257217407,
      1.0081896781921387,
      0.9873304963111877,
      0.9770987033843994,
      0.9769852161407471,
      0.959314227104187,
      0.9303273558616638,
      1.095092535018921,
      1.0401278734207153,
      1.0608984231948853,
      1.0542020797729492,
      1.0489190816879272,
      1.0069137811660767,
      1.0278018712997437,
      1.0160526037216187,
      1.0075781345367432
    ],
    "velocity_history": [
      -0.5452045202255249,
      -0.17301702499389648,
      -0.049588918685913086,
      -0.011967062950134277,
      -0.02912914752960205,
      -0.020859181880950928,
      -0.01023179292678833,
      -0.00011348724365234375,
      -0.01767098903656006,
      -0.028986871242523193,
      0.16476517915725708,
      -0.054964661598205566,
      0.020770549774169922,
      -0.006696343421936035,
      -0.005282998085021973,
      -0.042005300521850586,
      0.020888090133666992,
      -0.011749267578125,
      -0.008474469184875488
    ],
    "smoothed_curvature": [
      0.3721874952316284,
      0.2478078007698059,
      0.17774581909179688,
      0.1375998854637146,
      0.11173390150070191,
      0.09488281607627869,
      0.08277360030582973,
      0.03211217267172677,
      0.01609614065715245,
      0.03840045418058123,
      0.06733870506286621,
      0.07697659730911255,
      0.07938224077224731,
      0.07813867500850133,
      0.08087650367191859,
      0.08824471916471209,
      0.06522833449499947,
      0.034306185586111884
    ]
  }
}