{
  "config": {
    "model_name": "fashion-mnist",
    "node_id": 0,
    "num_nodes": 2,
    "epochs": 50,
    "batch_size": 32,
    "optimizer": "adam",
    "learning_rate": 0.001,
    "dp_enabled": true,
    "dual_phase_dp": true,
    "l2_norm_clip": 1.0,
    "noise_multiplier": 0.8,
    "microbatches": 32
  },
  "performance": {
    "training_time_seconds": 1429.87,
    "final_test_loss": 0.3304157257080078,
    "final_test_accuracy": 0.8805999755859375,
    "final_test_f1_macro": 0.8795435622251804
  },
  "privacy": {
    "eps_at_drop": 1.438,
    "eps_final": 1.438,
    "delta": 3.3333333333333335e-05,
    "dp_phase1_epochs": 20,
    "dp_drop_reason": {
      "epoch": 20,
      "curvature_threshold": 0.02,
      "smoothed_curvature": 0.0177898747580392,
      "loss_at_drop": 1.0147044658660889,
      "loss_velocity_window": [
        -0.028611063957214355,
        0.011372923851013184,
        -0.02761077880859375,
        -0.023456215858459473,
        0.004471421241760254,
        -0.002696394920349121,
        0.0025576353073120117
      ]
    },
    "curvature_threshold": 0.02,
    "curvature_window": 7,
    "loss_history": [
      1.8231391906738281,
      1.2762155532836914,
      1.1174315214157104,
      1.0564669370651245,
      1.0485944747924805,
      1.0329484939575195,
      1.0006535053253174,
      1.006727933883667,
      0.9852546453475952,
      0.9538468718528748,
      0.942943811416626,
      1.10834538936615,
      1.0786769390106201,
      1.0500658750534058,
      1.061438798904419,
      1.0338280200958252,
      1.0103718042373657,
      1.014843225479126,
      1.0121468305587769,
      1.0147044658660889
    ],
    "velocity_history": [
      -0.5469236373901367,
      -0.15878403186798096,
      -0.06096458435058594,
      -0.007872462272644043,
      -0.015645980834960938,
      -0.03229498863220215,
      0.006074428558349609,
      -0.021473288536071777,
      -0.03140777349472046,
      -0.01090306043624878,
      0.16540157794952393,
      -0.029668450355529785,
      -0.028611063957214355,
      0.011372923851013184,
      -0.02761077880859375,
      -0.023456215858459473,
      0.004471421241760254,
      -0.002696394920349121,
      0.0025576353073120117
    ],
    "smoothed_curvature": [
      0.38813960552215576,
      0.2429795265197754,
      0.17968372503916422,
      0.1367061734199524,
      0.11269474029541016,
      0.10030718644460042,
      0.089912976537432,
      0.03588367359978812,
      0.024838711534227644,
      0.04244049957820347,
      0.06919714382716588,
      0.06696976934160505,
      0.0672004222869873,
      0.06883413451058525,
      0.06800843136651176,
      0.06906884908676147,
      0.044906445911952426,
      0.0177898747580392
    ]
  }
}