{
  "config": {
    "model_name": "fashion-mnist",
    "node_id": 1,
    "num_nodes": 2,
    "epochs": 50,
    "batch_size": 32,
    "optimizer": "adam",
    "learning_rate": 0.001,
    "dp_enabled": true,
    "cascaded_dp": true,
    "l2_norm_clip": 1.0,
    "noise_multiplier": 0.5,
    "microbatches": 32
  },
  "performance": {
    "training_time_seconds": 1163.78,
    "final_test_loss": 0.3249168395996094,
    "final_test_accuracy": 0.883899986743927,
    "final_test_f1_macro": 0.8823502182021565
  },
  "privacy": {
    "epsilon": 5.8038,
    "delta": 3.3333333333333335e-05,
    "dp_drop_epoch": 9,
    "dp_slope_threshold": 0.04,
    "accuracy_plateau_threshold": 0.001,
    "dp_drop_reason": {
      "epoch": 9,
      "slope_threshold": 0.04,
      "acc_variance_threshold": 0.001,
      "rolling_mean": 5.184742455482483,
      "val_acc_window": [
        0.7531999945640564,
        0.7597000002861023,
        0.769599974155426,
        0.7760000228881836,
        0.779699981212616
      ]
    }
  }
}