{
  "config": {
    "model_name": "fashion-mnist",
    "node_id": 1,
    "num_nodes": 2,
    "epochs": 50,
    "batch_size": 32,
    "optimizer": "adam",
    "learning_rate": 0.001,
    "dp_enabled": true,
    "cascaded_dp": true,
    "l2_norm_clip": 1.0,
    "noise_multiplier": 0.8,
    "microbatches": 32
  },
  "performance": {
    "training_time_seconds": 1531.79,
    "final_test_loss": 0.3353414833545685,
    "final_test_accuracy": 0.8816999793052673,
    "final_test_f1_macro": 0.8812536739490838
  },
  "privacy": {
    "epsilon": 1.4776,
    "delta": 3.3333333333333335e-05,
    "dp_drop_epoch": 22,
    "snr_plateau_eps": 0.02,
    "acc_plateau_eps": 0.005,
    "dp_drop_reason": {
      "epoch": 22,
      "snr_plateau_eps": 0.02,
      "acc_plateau_eps": 0.005,
      "snr_rel_change": 0.07258723767009047,
      "acc_rel_change": 0.004276689403651418,
      "rolling_snr": 28.209345566584496,
      "rolling_acc": 0.7911571519715446,
      "noise_std": 0.1414213562373095,
      "snr_history": [
        14.111698855610323,
        16.642217387978235,
        20.63659796450289,
        22.597837665335,
        23.206952012209353,
        23.990161840465476,
        25.927629201450898,
        27.81990350830245,
        25.386789883178494,
        25.17453498232975,
        25.83800190504375,
        27.34936108724876,
        26.008358286613028,
        26.70863424376772,
        26.252265639280846,
        26.99131787717732,
        28.475752978203992,
        28.15557045073728,
        30.583577057933475,
        27.822746397528206,
        26.74746480965038,
        28.688989394860855
      ],
      "acc_history": [
        0.5726000070571899,
        0.6219000220298767,
        0.6600000262260437,
        0.6829000115394592,
        0.7063999772071838,
        0.725600004196167,
        0.741599977016449,
        0.7497000098228455,
        0.7519999742507935,
        0.7522000074386597,
        0.7598999738693237,
        0.7638000249862671,
        0.7739999890327454,
        0.7728999853134155,
        0.7741000056266785,
        0.7825000286102295,
        0.7835000157356262,
        0.791100025177002,
        0.7932999730110168,
        0.7943000197410583,
        0.7950000166893005,
        0.7983999848365784
      ]
    }
  }
}