{
  "config": {
    "model_name": "fashion-mnist",
    "node_id": 1,
    "num_nodes": 2,
    "epochs": 50,
    "batch_size": 32,
    "optimizer": "adam",
    "learning_rate": 0.001,
    "dp_enabled": true,
    "cascaded_dp": true,
    "l2_norm_clip": 1.0,
    "noise_multiplier": 0.5,
    "microbatches": 32
  },
  "performance": {
    "training_time_seconds": 1441.91,
    "final_test_loss": 0.3322697877883911,
    "final_test_accuracy": 0.8838000297546387,
    "final_test_f1_macro": 0.8839400930337424
  },
  "privacy": {
    "epsilon": 7.7335,
    "delta": 3.3333333333333335e-05,
    "dp_drop_epoch": 22,
    "snr_plateau_eps": 0.02,
    "acc_plateau_eps": 0.005,
    "dp_drop_reason": {
      "epoch": 22,
      "snr_plateau_eps": 0.02,
      "acc_plateau_eps": 0.005,
      "snr_rel_change": 0.3515231709476069,
      "acc_rel_change": 0.006883878646846321,
      "rolling_snr": 42.905878591007024,
      "rolling_acc": 0.8115285720144,
      "noise_std": 0.08838834764831843,
      "snr_history": [
        25.70688990397456,
        32.43578249077564,
        40.128372411977246,
        41.84206677904799,
        35.4837354883708,
        39.67097673936838,
        41.428471999590464,
        39.23735593541712,
        40.43750208015063,
        41.859621177475134,
        42.41888571549987,
        41.35235789318784,
        44.82118540878525,
        43.584208987599396,
        43.86740613821125,
        43.718152616256425,
        49.70471687376754,
        44.973821737954,
        43.84510998330429,
        40.65457116262368,
        46.979597406692946,
        30.465180356450272
      ],
      "acc_history": [
        0.5685999989509583,
        0.6614999771118164,
        0.7052000164985657,
        0.7414000034332275,
        0.7558000087738037,
        0.7598999738693237,
        0.7721999883651733,
        0.781000018119812,
        0.7853000164031982,
        0.7872999906539917,
        0.79339998960495,
        0.792900025844574,
        0.7983999848365784,
        0.8026000261306763,
        0.8027999997138977,
        0.8069999814033508,
        0.8070999979972839,
        0.8098000288009644,
        0.8116999864578247,
        0.8125,
        0.8134999871253967,
        0.819100022315979
      ]
    }
  }
}