{
  "config": {
    "dp_enabled": true,
    "cascaded_dp": true,
    "auto_tuned": false,
    "noise_multiplier": 0.5,
    "l2_norm_clip": 1.0,
    "microbatches": 32,
    "optimizer": "adam",
    "learning_rate": 0.001,
    "epochs": 50,
    "node_id": 1,
    "num_nodes": 2
  },
  "privacy": {
    "epsilon": 6.8731,
    "delta": 3.3333333333333335e-05,
    "dp_drop_epoch": 15,
    "snr_plateau_eps": 0.02,
    "acc_plateau_eps": 0.005,
    "dp_drop_reason": {
      "epoch": 15,
      "snr_plateau_eps": 0.02,
      "acc_plateau_eps": 0.005,
      "snr_rel_change": 0.11237073254647609,
      "acc_rel_change": 0.0045420154477255744,
      "rolling_snr": 43.54671018795123,
      "rolling_acc": 0.7898599982261658,
      "noise_std": 0.08838834764831843,
      "snr_history": [
        23.530843664649897,
        28.424762810503584,
        30.811654155453038,
        33.10694751851141,
        35.41323493758008,
        37.695876153890275,
        38.689989081834746,
        39.71149921462019,
        41.1501835744135,
        41.74952039191298,
        42.393961215684804,
        44.72490258551857,
        43.98069956440684,
        41.01268126817308,
        45.62130630597283
      ],
      "acc_history": [
        0.5932000279426575,
        0.6592000126838684,
        0.7193999886512756,
        0.7329999804496765,
        0.7440999746322632,
        0.7505000233650208,
        0.7555999755859375,
        0.7645000219345093,
        0.7692999839782715,
        0.7781999707221985,
        0.781000018119812,
        0.7888000011444092,
        0.7907000184059143,
        0.7925999760627747,
        0.7961999773979187
      ]
    }
  },
  "results": {
    "loss": 0.3234,
    "accuracy": 0.8876,
    "f1_score": 0.8869
  },
  "timing": {
    "training_time_seconds": 1512.86,
    "training_time_minutes": 25.21
  },
  "auto_tune_report": null,
  "adaptive_summary": null
}