{
  "config": {
    "dp_enabled": true,
    "cascaded_dp": true,
    "auto_tuned": false,
    "noise_multiplier": 0.5,
    "l2_norm_clip": 1.0,
    "microbatches": 32,
    "optimizer": "adam",
    "learning_rate": 0.001,
    "epochs": 50,
    "node_id": 0,
    "num_nodes": 2
  },
  "privacy": {
    "epsilon": 6.8731,
    "delta": 3.3333333333333335e-05,
    "dp_drop_epoch": 15,
    "snr_plateau_eps": 0.02,
    "acc_plateau_eps": 0.005,
    "dp_drop_reason": {
      "epoch": 15,
      "snr_plateau_eps": 0.02,
      "acc_plateau_eps": 0.005,
      "snr_rel_change": 0.012915141480956053,
      "acc_rel_change": 0.0030364131277415573,
      "rolling_snr": 44.24147237974429,
      "rolling_acc": 0.7882400035858155,
      "noise_std": 0.08838834764831843,
      "snr_history": [
        25.62078490399117,
        31.130970008844454,
        33.12760958952539,
        37.44122044448025,
        38.49201838857844,
        36.942790330421346,
        37.95273132187795,
        40.669612395050336,
        42.3433944383658,
        42.11800900717954,
        41.11932371936877,
        43.760694094139296,
        44.73122852402275,
        46.09572418032332,
        45.50039138086732
      ],
      "acc_history": [
        0.6093000173568726,
        0.6553999781608582,
        0.7019000053405762,
        0.7186999917030334,
        0.7340999841690063,
        0.7493000030517578,
        0.7515000104904175,
        0.7671999931335449,
        0.7753999829292297,
        0.7797999978065491,
        0.7824000120162964,
        0.7857999801635742,
        0.7897999882698059,
        0.7904000282287598,
        0.7928000092506409
      ]
    }
  },
  "results": {
    "loss": 0.3234,
    "accuracy": 0.8876,
    "f1_score": 0.8869
  },
  "timing": {
    "training_time_seconds": 1519.77,
    "training_time_minutes": 25.33
  },
  "auto_tune_report": null,
  "adaptive_summary": null
}