{
  "config": {
    "model_name": "fashion-mnist",
    "node_id": 0,
    "num_nodes": 2,
    "epochs": 50,
    "batch_size": 32,
    "optimizer": "adam",
    "learning_rate": 0.001,
    "dp_enabled": true,
    "cascaded_dp": true,
    "l2_norm_clip": 1.0,
    "noise_multiplier": 0.5,
    "microbatches": 32,
    "partition_mode": "noniid_equal",
    "num_train_samples": 30000
  },
  "performance": {
    "training_time_seconds": 1019.55,
    "final_test_loss": 0.6876327395439148,
    "final_test_accuracy": 0.741100013256073,
    "final_test_f1_macro": 0.7527694992710086
  },
  "privacy": {
    "epsilon": 7.4632,
    "delta": 3.3333333333333335e-05,
    "dp_drop_epoch": 19,
    "dp_slope_threshold": 0.01,
    "accuracy_plateau_threshold": 0.0005,
    "dp_drop_reason": {
      "epoch": 19,
      "slope_threshold": 0.01,
      "acc_variance_threshold": 0.0005,
      "rolling_mean": 10.131816711425781,
      "val_acc_window": [
        0.7062000036239624,
        0.7175999879837036,
        0.7085000276565552,
        0.7005000114440918,
        0.7271999716758728
      ]
    }
  }
}