{
  "config": {
    "model_name": "fashion-mnist",
    "node_id": 0,
    "num_nodes": 2,
    "epochs": 50,
    "batch_size": 32,
    "optimizer": "adam",
    "learning_rate": 0.001,
    "dp_enabled": true,
    "cascaded_dp": true,
    "l2_norm_clip": 1.0,
    "noise_multiplier": 0.5,
    "microbatches": 32,
    "partition_mode": "noniid_unequal",
    "num_train_samples": 48000
  },
  "performance": {
    "training_time_seconds": 1497.38,
    "final_test_loss": 0.42300987243652344,
    "final_test_accuracy": 0.8510000109672546,
    "final_test_f1_macro": 0.8501400681907535
  },
  "privacy": {
    "epsilon": 5.6011,
    "delta": 2.0833333333333333e-05,
    "dp_drop_epoch": 13,
    "dp_slope_threshold": 0.01,
    "accuracy_plateau_threshold": 0.0005,
    "dp_drop_reason": {
      "epoch": 13,
      "slope_threshold": 0.01,
      "acc_variance_threshold": 0.0005,
      "rolling_mean": 5.86993597984314,
      "val_acc_window": [
        0.79830002784729,
        0.8019000291824341,
        0.8051000237464905,
        0.8091999888420105,
        0.8080000281333923
      ]
    }
  }
}