{
  "config": {
    "model_name": "fashion-mnist",
    "node_id": 0,
    "num_nodes": 2,
    "epochs": 50,
    "batch_size": 32,
    "optimizer": "adam",
    "learning_rate": 0.001,
    "dp_enabled": true,
    "cascaded_dp": true,
    "l2_norm_clip": 1.0,
    "noise_multiplier": 0.5,
    "microbatches": 32,
    "partition_mode": "extreme_skew",
    "num_train_samples": 30000
  },
  "performance": {
    "training_time_seconds": 915.46,
    "final_test_loss": 0.6025335192680359,
    "final_test_accuracy": 0.7542999982833862,
    "final_test_f1_macro": 0.7565553238809567
  },
  "privacy": {
    "epsilon": 8.2742,
    "delta": 3.3333333333333335e-05,
    "dp_drop_epoch": 28,
    "dp_slope_threshold": 0.01,
    "accuracy_plateau_threshold": 0.0005,
    "dp_drop_reason": {
      "epoch": 28,
      "slope_threshold": 0.01,
      "acc_variance_threshold": 0.0005,
      "rolling_mean": 12.373010635375975,
      "val_acc_window": [
        0.6638000011444092,
        0.694100022315979,
        0.7233999967575073,
        0.6890000104904175,
        0.7149999737739563
      ]
    }
  }
}