{
  "config": {
    "model_name": "fashion-mnist",
    "node_id": 0,
    "num_nodes": 2,
    "epochs": 50,
    "batch_size": 32,
    "optimizer": "adam",
    "learning_rate": 0.001,
    "dp_enabled": true,
    "cascaded_dp": true,
    "l2_norm_clip": 1.0,
    "noise_multiplier": 0.5,
    "microbatches": 32,
    "partition_mode": "iid",
    "num_train_samples": 27207
  },
  "performance": {
    "training_time_seconds": 617.61,
    "final_test_loss": 0.3487473726272583,
    "final_test_accuracy": 0.8769999742507935,
    "final_test_f1_macro": 0.8778227839894962
  },
  "privacy": {
    "epsilon": 6.2208,
    "delta": 3.675524681148234e-05,
    "dp_drop_epoch": 10,
    "dp_slope_threshold": 0.01,
    "accuracy_plateau_threshold": 0.0005,
    "dp_drop_reason": {
      "epoch": 10,
      "slope_threshold": 0.01,
      "acc_variance_threshold": 0.0005,
      "rolling_mean": 6.7299751281738285,
      "val_acc_window": [
        0.602400004863739,
        0.6079000234603882,
        0.6108999848365784,
        0.6193000078201294,
        0.6251000165939331
      ]
    }
  }
}