{
  "config": {
    "model_name": "fashion-mnist",
    "node_id": 1,
    "num_nodes": 2,
    "epochs": 50,
    "batch_size": 32,
    "optimizer": "adam",
    "learning_rate": 0.001,
    "dp_enabled": true,
    "cascaded_dp": true,
    "l2_norm_clip": 1.0,
    "noise_multiplier": 0.5,
    "microbatches": 32,
    "partition_mode": "dirichlet",
    "num_train_samples": 30000
  },
  "performance": {
    "training_time_seconds": 930.03,
    "final_test_loss": 0.3309648334980011,
    "final_test_accuracy": 0.8845000267028809,
    "final_test_f1_macro": 0.8844364878460844
  },
  "privacy": {
    "epsilon": 6.3384,
    "delta": 3.3333333333333335e-05,
    "dp_drop_epoch": 12,
    "dp_slope_threshold": 0.01,
    "accuracy_plateau_threshold": 0.0005,
    "dp_drop_reason": {
      "epoch": 12,
      "slope_threshold": 0.01,
      "acc_variance_threshold": 0.0005,
      "rolling_mean": 4.889469366073608,
      "val_acc_window": [
        0.7603999972343445,
        0.7695000171661377,
        0.7750999927520752,
        0.7821000218391418,
        0.7889999747276306
      ]
    }
  }
}