{
  "config": {
    "model_name": "fashion-mnist",
    "node_id": 1,
    "num_nodes": 2,
    "epochs": 50,
    "batch_size": 32,
    "optimizer": "adam",
    "learning_rate": 0.001,
    "dp_enabled": true,
    "cascaded_dp": true,
    "l2_norm_clip": 1.0,
    "noise_multiplier": 0.5,
    "microbatches": 32,
    "partition_mode": "pure_quantity_skew",
    "num_train_samples": 12000
  },
  "performance": {
    "training_time_seconds": 1014.22,
    "final_test_loss": 0.3659583628177643,
    "final_test_accuracy": 0.8665000200271606,
    "final_test_f1_macro": 0.8677540879513919
  },
  "privacy": {
    "epsilon": 12.3761,
    "delta": 8.333333333333333e-05,
    "dp_drop_epoch": 32,
    "dp_slope_threshold": 0.01,
    "accuracy_plateau_threshold": 0.0005,
    "dp_drop_reason": {
      "epoch": 32,
      "slope_threshold": 0.01,
      "acc_variance_threshold": 0.0005,
      "rolling_mean": 5.345090527534484,
      "val_acc_window": [
        0.7889000177383423,
        0.7910000085830688,
        0.792900025844574,
        0.7946000099182129,
        0.7928000092506409
      ]
    }
  }
}