{
  "config": {
    "model_name": "fashion-mnist",
    "node_id": 1,
    "num_nodes": 2,
    "epochs": 50,
    "batch_size": 32,
    "optimizer": "adam",
    "learning_rate": 0.001,
    "dp_enabled": true,
    "cascaded_dp": true,
    "l2_norm_clip": 1.0,
    "noise_multiplier": 0.5,
    "microbatches": 32,
    "partition_mode": "dirichlet",
    "num_train_samples": 32793
  },
  "performance": {
    "training_time_seconds": 943.14,
    "final_test_loss": 0.3715255558490753,
    "final_test_accuracy": 0.8716999888420105,
    "final_test_f1_macro": 0.8712276403749108
  },
  "privacy": {
    "epsilon": 5.6469,
    "delta": 3.049431281066081e-05,
    "dp_drop_epoch": 9,
    "dp_slope_threshold": 0.01,
    "accuracy_plateau_threshold": 0.0005,
    "dp_drop_reason": {
      "epoch": 9,
      "slope_threshold": 0.01,
      "acc_variance_threshold": 0.0005,
      "rolling_mean": 8.18842664718628,
      "val_acc_window": [
        0.6656000018119812,
        0.6773999929428101,
        0.6793000102043152,
        0.6870999932289124,
        0.699400007724762
      ]
    }
  }
}