{
  "config": {
    "model_name": "fashion-mnist",
    "node_id": 1,
    "num_nodes": 2,
    "epochs": 50,
    "batch_size": 32,
    "optimizer": "adam",
    "learning_rate": 0.001,
    "dp_enabled": true,
    "cascaded_dp": true,
    "l2_norm_clip": 1.0,
    "noise_multiplier": 0.5,
    "microbatches": 32,
    "partition_mode": "dirichlet",
    "num_train_samples": 35999
  },
  "performance": {
    "training_time_seconds": 1081.39,
    "final_test_loss": 0.7467714548110962,
    "final_test_accuracy": 0.701200008392334,
    "final_test_f1_macro": 0.6917506535305898
  },
  "privacy": {
    "epsilon": 5.9191,
    "delta": 2.7778549404150115e-05,
    "dp_drop_epoch": 12,
    "dp_slope_threshold": 0.01,
    "accuracy_plateau_threshold": 0.0005,
    "dp_drop_reason": {
      "epoch": 12,
      "slope_threshold": 0.01,
      "acc_variance_threshold": 0.0005,
      "rolling_mean": 19.050472564697266,
      "val_acc_window": [
        0.5292999744415283,
        0.5314000248908997,
        0.5336999893188477,
        0.5375999808311462,
        0.5343999862670898
      ]
    }
  }
}