{
  "config": {
    "dp_enabled": true,
    "cascaded_dp": true,
    "auto_tuned": false,
    "noise_multiplier": 0.5,
    "l2_norm_clip": 1.0,
    "microbatches": 32,
    "optimizer": "adam",
    "learning_rate": 0.001,
    "epochs": 50,
    "node_id": 1,
    "num_nodes": 2
  },
  "privacy": {
    "epsilon": 6.6948,
    "delta": 3.3333333333333335e-05,
    "dp_drop_epoch": 14,
    "snr_plateau_eps": 0.02,
    "acc_plateau_eps": 0.005,
    "dp_drop_reason": {
      "epoch": 14,
      "snr_plateau_eps": 0.02,
      "acc_plateau_eps": 0.005,
      "snr_rel_change": 0.03165774369542546,
      "acc_rel_change": 0.004026163349877097,
      "rolling_snr": 40.8992579892231,
      "rolling_acc": 0.7918799877166748,
      "noise_std": 0.08838834764831843,
      "snr_history": [
        23.047159687643116,
        31.818667660529552,
        35.908332146293695,
        30.782815191218198,
        32.25784024967154,
        36.49113984646166,
        40.400966629333,
        38.415694424587706,
        38.937243669776336,
        39.42361533445392,
        39.58181909372357,
        43.973533925810415,
        41.4142008743798,
        40.10312071774782
      ],
      "acc_history": [
        0.5856000185012817,
        0.652999997138977,
        0.7046999931335449,
        0.7297000288963318,
        0.7491000294685364,
        0.7527999877929688,
        0.7621999979019165,
        0.76910001039505,
        0.7752000093460083,
        0.7864999771118164,
        0.7893000245094299,
        0.7907999753952026,
        0.7947999835014343,
        0.7979999780654907
      ]
    }
  },
  "results": {
    "loss": 0.3252,
    "accuracy": 0.8857,
    "f1_score": 0.885
  },
  "timing": {
    "training_time_seconds": 950.46,
    "training_time_minutes": 15.84
  },
  "auto_tune_report": null,
  "adaptive_summary": null
}