{
  "config": {
    "model_name": "fashion-mnist",
    "node_id": 0,
    "num_nodes": 2,
    "epochs": 50,
    "batch_size": 32,
    "optimizer": "adam",
    "learning_rate": 0.001,
    "dp_enabled": true,
    "cascaded_dp": true,
    "l2_norm_clip": 1.0,
    "noise_multiplier": 0.5,
    "microbatches": 32,
    "partition_mode": "dirichlet",
    "num_train_samples": 27207
  },
  "performance": {
    "training_time_seconds": 942.66,
    "final_test_loss": 0.3715255558490753,
    "final_test_accuracy": 0.8716999888420105,
    "final_test_f1_macro": 0.8712276403749108
  },
  "privacy": {
    "epsilon": 6.2208,
    "delta": 3.675524681148234e-05,
    "dp_drop_epoch": 10,
    "dp_slope_threshold": 0.01,
    "accuracy_plateau_threshold": 0.0005,
    "dp_drop_reason": {
      "epoch": 10,
      "slope_threshold": 0.01,
      "acc_variance_threshold": 0.0005,
      "rolling_mean": 7.422714157104491,
      "val_acc_window": [
        0.64410001039505,
        0.6460999846458435,
        0.6656000018119812,
        0.6814000010490417,
        0.6740999817848206
      ]
    }
  }
}