{
  "config": {
    "model_name": "fashion-mnist",
    "node_id": 1,
    "num_nodes": 2,
    "epochs": 50,
    "batch_size": 32,
    "optimizer": "adam",
    "learning_rate": 0.001,
    "dp_enabled": true,
    "cascaded_dp": true,
    "l2_norm_clip": 1.0,
    "noise_multiplier": 0.5,
    "microbatches": 32,
    "partition_mode": "dirichlet",
    "num_train_samples": 36000
  },
  "performance": {
    "training_time_seconds": 1063.03,
    "final_test_loss": 0.9481023550033569,
    "final_test_accuracy": 0.6182000041007996,
    "final_test_f1_macro": 0.5532917088607868
  },
  "privacy": {
    "epsilon": 5.7834,
    "delta": 2.777777777777778e-05,
    "dp_drop_epoch": 11,
    "dp_slope_threshold": 0.01,
    "accuracy_plateau_threshold": 0.0005,
    "dp_drop_reason": {
      "epoch": 11,
      "slope_threshold": 0.01,
      "acc_variance_threshold": 0.0005,
      "rolling_mean": 15.37046745300293,
      "val_acc_window": [
        0.525600016117096,
        0.5299000144004822,
        0.5306000113487244,
        0.5320000052452087,
        0.5361999869346619
      ]
    }
  }
}