{
  "config": {
    "model_name": "fashion-mnist",
    "node_id": 1,
    "num_nodes": 2,
    "epochs": 50,
    "batch_size": 32,
    "optimizer": "adam",
    "learning_rate": 0.001,
    "dp_enabled": true,
    "cascaded_dp": true,
    "l2_norm_clip": 1.0,
    "noise_multiplier": 0.5,
    "microbatches": 32
  },
  "performance": {
    "training_time_seconds": 873.87,
    "final_test_loss": 0.3225241005420685,
    "final_test_accuracy": 0.8870000243186951,
    "final_test_f1_macro": 0.8859393923273677
  },
  "privacy": {
    "epsilon": 5.4473,
    "delta": 3.3333333333333335e-05,
    "dp_drop_epoch": 7,
    "dp_slope_threshold": 0.04,
    "accuracy_plateau_threshold": 0.001,
    "dp_drop_reason": {
      "epoch": 7,
      "slope_threshold": 0.04,
      "acc_variance_threshold": 0.001,
      "rolling_mean": 4.979151887893677,
      "val_acc_window": [
        0.7190999984741211,
        0.7372999787330627,
        0.7448999881744385,
        0.7551000118255615,
        0.7585999965667725
      ]
    }
  }
}