{
  "config": {
    "model_name": "fashion-mnist",
    "node_id": 0,
    "num_nodes": 2,
    "epochs": 50,
    "batch_size": 32,
    "optimizer": "adam",
    "learning_rate": 0.001,
    "dp_enabled": true,
    "cascaded_dp": true,
    "l2_norm_clip": 1.0,
    "noise_multiplier": 0.5,
    "microbatches": 32,
    "partition_mode": "combined_skew",
    "num_train_samples": 48000
  },
  "performance": {
    "training_time_seconds": 1104.46,
    "final_test_loss": 0.3825490176677704,
    "final_test_accuracy": 0.8587999939918518,
    "final_test_f1_macro": 0.8567474679436298
  },
  "privacy": {
    "epsilon": 5.4217,
    "delta": 2.0833333333333333e-05,
    "dp_drop_epoch": 11,
    "dp_slope_threshold": 0.01,
    "accuracy_plateau_threshold": 0.0005,
    "dp_drop_reason": {
      "epoch": 11,
      "slope_threshold": 0.01,
      "acc_variance_threshold": 0.0005,
      "rolling_mean": 6.192310571670531,
      "val_acc_window": [
        0.7853999733924866,
        0.7879999876022339,
        0.7980999946594238,
        0.7998999953269958,
        0.8001000285148621
      ]
    }
  }
}