{
  "config": {
    "dp_enabled": true,
    "cascaded_dp": true,
    "auto_tuned": false,
    "noise_multiplier": 0.5,
    "l2_norm_clip": 1.0,
    "microbatches": 32,
    "optimizer": "adam",
    "learning_rate": 0.001,
    "epochs": 50,
    "node_id": 0,
    "num_nodes": 2
  },
  "privacy": {
    "epsilon": 6.6948,
    "delta": 3.3333333333333335e-05,
    "dp_drop_epoch": 14,
    "snr_plateau_eps": 0.02,
    "acc_plateau_eps": 0.005,
    "dp_drop_reason": {
      "epoch": 14,
      "snr_plateau_eps": 0.02,
      "acc_plateau_eps": 0.005,
      "snr_rel_change": 0.00427454658294223,
      "acc_rel_change": 0.0028934759495745756,
      "rolling_snr": 40.150148994022764,
      "rolling_acc": 0.7916000008583068,
      "noise_std": 0.08838834764831843,
      "snr_history": [
        24.350083721021182,
        27.65172298307566,
        29.803841411258844,
        34.18403862232447,
        34.86694623410009,
        33.27170649514114,
        36.72627610277957,
        38.75282389638334,
        37.62103171286967,
        40.38286169191187,
        41.892557759474634,
        38.404634821798616,
        39.94996136304779,
        40.12072933388088
      ],
      "acc_history": [
        0.566100001335144,
        0.6646000146865845,
        0.7053999900817871,
        0.7254999876022339,
        0.7404999732971191,
        0.7602999806404114,
        0.7652000188827515,
        0.7702000141143799,
        0.7815999984741211,
        0.7868000268936157,
        0.7864999771118164,
        0.7925999760627747,
        0.7949000000953674,
        0.7972000241279602
      ]
    }
  },
  "results": {
    "loss": 0.3252,
    "accuracy": 0.8857,
    "f1_score": 0.885
  },
  "timing": {
    "training_time_seconds": 949.65,
    "training_time_minutes": 15.83
  },
  "auto_tune_report": null,
  "adaptive_summary": null
}