{
  "config": {
    "model_name": "fashion-mnist",
    "node_id": 0,
    "num_nodes": 2,
    "epochs": 50,
    "batch_size": 32,
    "optimizer": "adam",
    "learning_rate": 0.001,
    "dp_enabled": true,
    "cascaded_dp": true,
    "l2_norm_clip": 1.0,
    "noise_multiplier": 0.5,
    "microbatches": 32
  },
  "performance": {
    "training_time_seconds": 871.63,
    "final_test_loss": 0.3225241005420685,
    "final_test_accuracy": 0.8870000243186951,
    "final_test_f1_macro": 0.8859393923273677
  },
  "privacy": {
    "epsilon": 5.6255,
    "delta": 3.3333333333333335e-05,
    "dp_drop_epoch": 8,
    "dp_slope_threshold": 0.04,
    "accuracy_plateau_threshold": 0.001,
    "dp_drop_reason": {
      "epoch": 8,
      "slope_threshold": 0.04,
      "acc_variance_threshold": 0.001,
      "rolling_mean": 4.547961616516114,
      "val_acc_window": [
        0.7294999957084656,
        0.75,
        0.753000020980835,
        0.7598000168800354,
        0.7900000214576721
      ]
    }
  }
}