{
  "config": {
    "model_name": "fashion-mnist",
    "node_id": 0,
    "num_nodes": 2,
    "epochs": 50,
    "batch_size": 32,
    "optimizer": "adam",
    "learning_rate": 0.001,
    "dp_enabled": true,
    "cascaded_dp": true,
    "l2_norm_clip": 1.0,
    "noise_multiplier": 0.5,
    "microbatches": 32,
    "partition_mode": "dirichlet",
    "num_train_samples": 24000
  },
  "performance": {
    "training_time_seconds": 1063.14,
    "final_test_loss": 0.9481023550033569,
    "final_test_accuracy": 0.6182000041007996,
    "final_test_f1_macro": 0.5532917088607868
  },
  "privacy": {
    "epsilon": 7.5885,
    "delta": 4.1666666666666665e-05,
    "dp_drop_epoch": 17,
    "dp_slope_threshold": 0.01,
    "accuracy_plateau_threshold": 0.0005,
    "dp_drop_reason": {
      "epoch": 17,
      "slope_threshold": 0.01,
      "acc_variance_threshold": 0.0005,
      "rolling_mean": 25.721880950927737,
      "val_acc_window": [
        0.3695000112056732,
        0.3716999888420105,
        0.3707999885082245,
        0.3720000088214874,
        0.37279999256134033
      ]
    }
  }
}