{
  "config": {
    "model_name": "fashion-mnist",
    "node_id": 0,
    "num_nodes": 2,
    "epochs": 50,
    "batch_size": 32,
    "optimizer": "adam",
    "learning_rate": 0.001,
    "dp_enabled": true,
    "cascaded_dp": true,
    "l2_norm_clip": 1.0,
    "noise_multiplier": 0.5,
    "microbatches": 32,
    "partition_mode": "dirichlet",
    "num_train_samples": 28476
  },
  "performance": {
    "training_time_seconds": 995.05,
    "final_test_loss": 0.33006152510643005,
    "final_test_accuracy": 0.8812000155448914,
    "final_test_f1_macro": 0.8807033370992172
  },
  "privacy": {
    "epsilon": 6.8753,
    "delta": 3.5117291754459895e-05,
    "dp_drop_epoch": 14,
    "dp_slope_threshold": 0.01,
    "accuracy_plateau_threshold": 0.0005,
    "dp_drop_reason": {
      "epoch": 14,
      "slope_threshold": 0.01,
      "acc_variance_threshold": 0.0005,
      "rolling_mean": 7.054825992584229,
      "val_acc_window": [
        0.76419997215271,
        0.7621999979019165,
        0.7734000086784363,
        0.7720999717712402,
        0.7818999886512756
      ]
    }
  }
}