{
  "config": {
    "model_name": "fashion-mnist",
    "node_id": 0,
    "num_nodes": 2,
    "epochs": 50,
    "batch_size": 32,
    "optimizer": "adam",
    "learning_rate": 0.001,
    "dp_enabled": true,
    "cascaded_dp": true,
    "l2_norm_clip": 1.0,
    "noise_multiplier": 0.5,
    "microbatches": 32,
    "partition_mode": "dirichlet",
    "num_train_samples": 20160
  },
  "performance": {
    "training_time_seconds": 1163.81,
    "final_test_loss": 0.7997143864631653,
    "final_test_accuracy": 0.7993999719619751,
    "final_test_f1_macro": 0.7628618917285415
  },
  "privacy": {
    "epsilon": 8.3569,
    "delta": 4.96031746031746e-05,
    "dp_drop_epoch": 20,
    "dp_slope_threshold": 0.01,
    "accuracy_plateau_threshold": 0.0005,
    "dp_drop_reason": {
      "epoch": 20,
      "slope_threshold": 0.01,
      "acc_variance_threshold": 0.0005,
      "rolling_mean": 16.65116600036621,
      "val_acc_window": [
        0.5188999772071838,
        0.5336999893188477,
        0.5375000238418579,
        0.5375999808311462,
        0.5430999994277954
      ]
    }
  }
}