{
  "config": {
    "model_name": "fashion-mnist",
    "node_id": 1,
    "num_nodes": 2,
    "epochs": 50,
    "batch_size": 32,
    "optimizer": "adam",
    "learning_rate": 0.001,
    "dp_enabled": true,
    "cascaded_dp": true,
    "l2_norm_clip": 1.0,
    "noise_multiplier": 0.5,
    "microbatches": 32,
    "partition_mode": "iid",
    "num_train_samples": 20160
  },
  "performance": {
    "training_time_seconds": 507.71,
    "final_test_loss": 6.0582990646362305,
    "final_test_accuracy": 0.6644999980926514,
    "final_test_f1_macro": 0.5915643185764093
  },
  "privacy": {
    "epsilon": 7.6392,
    "delta": 4.96031746031746e-05,
    "dp_drop_epoch": 15,
    "dp_slope_threshold": 0.01,
    "accuracy_plateau_threshold": 0.0005,
    "dp_drop_reason": {
      "epoch": 15,
      "slope_threshold": 0.01,
      "acc_variance_threshold": 0.0005,
      "rolling_mean": 13.465117149353025,
      "val_acc_window": [
        0.5041999816894531,
        0.5494999885559082,
        0.5435000061988831,
        0.5256999731063843,
        0.5472000241279602
      ]
    }
  }
}