{
  "config": {
    "model_name": "fashion-mnist",
    "node_id": 0,
    "num_nodes": 2,
    "epochs": 50,
    "batch_size": 32,
    "optimizer": "adam",
    "learning_rate": 0.001,
    "dp_enabled": true,
    "cascaded_dp": true,
    "l2_norm_clip": 1.0,
    "noise_multiplier": 0.5,
    "microbatches": 32,
    "partition_mode": "dirichlet",
    "num_train_samples": 24001
  },
  "performance": {
    "training_time_seconds": 1079.0,
    "final_test_loss": 0.7467714548110962,
    "final_test_accuracy": 0.701200008392334,
    "final_test_f1_macro": 0.6917506535305898
  },
  "privacy": {
    "epsilon": 7.7053,
    "delta": 4.1664930627890504e-05,
    "dp_drop_epoch": 18,
    "dp_slope_threshold": 0.01,
    "accuracy_plateau_threshold": 0.0005,
    "dp_drop_reason": {
      "epoch": 18,
      "slope_threshold": 0.01,
      "acc_variance_threshold": 0.0005,
      "rolling_mean": 27.063325424194336,
      "val_acc_window": [
        0.36820000410079956,
        0.3693000078201294,
        0.3700000047683716,
        0.36899998784065247,
        0.3707999885082245
      ]
    }
  }
}