{
  "config": {
    "model_name": "fashion-mnist",
    "node_id": 1,
    "num_nodes": 2,
    "epochs": 50,
    "batch_size": 32,
    "optimizer": "adam",
    "learning_rate": 0.001,
    "dp_enabled": true,
    "cascaded_dp": true,
    "l2_norm_clip": 1.0,
    "noise_multiplier": 0.5,
    "microbatches": 32,
    "partition_mode": "pure_label_skew",
    "num_train_samples": 30000
  },
  "performance": {
    "training_time_seconds": 715.39,
    "final_test_loss": 0.32889479398727417,
    "final_test_accuracy": 0.8827999830245972,
    "final_test_f1_macro": 0.8817290232593425
  },
  "privacy": {
    "epsilon": 6.3384,
    "delta": 3.3333333333333335e-05,
    "dp_drop_epoch": 12,
    "dp_slope_threshold": 0.01,
    "accuracy_plateau_threshold": 0.0005,
    "dp_drop_reason": {
      "epoch": 12,
      "slope_threshold": 0.01,
      "acc_variance_threshold": 0.0005,
      "rolling_mean": 9.933482265472412,
      "val_acc_window": [
        0.6819999814033508,
        0.6692000031471252,
        0.7167999744415283,
        0.715499997138977,
        0.7192999720573425
      ]
    }
  }
}