{
  "config": {
    "model_name": "fashion-mnist",
    "node_id": 1,
    "num_nodes": 2,
    "epochs": 50,
    "batch_size": 32,
    "optimizer": "adam",
    "learning_rate": 0.001,
    "dp_enabled": true,
    "cascaded_dp": true,
    "l2_norm_clip": 1.0,
    "noise_multiplier": 0.5,
    "microbatches": 32,
    "partition_mode": "iid",
    "num_train_samples": 30000
  },
  "performance": {
    "training_time_seconds": 743.66,
    "final_test_loss": 0.3202631175518036,
    "final_test_accuracy": 0.8849999904632568,
    "final_test_f1_macro": 0.8845661673349795
  },
  "privacy": {
    "epsilon": 6.5167,
    "delta": 3.3333333333333335e-05,
    "dp_drop_epoch": 13,
    "dp_slope_threshold": 0.01,
    "accuracy_plateau_threshold": 0.0005,
    "dp_drop_reason": {
      "epoch": 13,
      "slope_threshold": 0.01,
      "acc_variance_threshold": 0.0005,
      "rolling_mean": 5.636206922531128,
      "val_acc_window": [
        0.7713000178337097,
        0.7735999822616577,
        0.7803999781608582,
        0.7833999991416931,
        0.7911999821662903
      ]
    }
  }
}