{
  "config": {
    "model_name": "fashion-mnist",
    "node_id": 1,
    "num_nodes": 2,
    "epochs": 50,
    "batch_size": 32,
    "optimizer": "adam",
    "learning_rate": 0.001,
    "dp_enabled": true,
    "cascaded_dp": true,
    "l2_norm_clip": 1.0,
    "noise_multiplier": 0.5,
    "microbatches": 32,
    "partition_mode": "dirichlet",
    "num_train_samples": 39840
  },
  "performance": {
    "training_time_seconds": 1164.64,
    "final_test_loss": 0.7997143864631653,
    "final_test_accuracy": 0.7993999719619751,
    "final_test_f1_macro": 0.7628618917285415
  },
  "privacy": {
    "epsilon": 5.5117,
    "delta": 2.5100401606425704e-05,
    "dp_drop_epoch": 10,
    "dp_slope_threshold": 0.01,
    "accuracy_plateau_threshold": 0.0005,
    "dp_drop_reason": {
      "epoch": 10,
      "slope_threshold": 0.01,
      "acc_variance_threshold": 0.0005,
      "rolling_mean": 9.350119972229004,
      "val_acc_window": [
        0.6815999746322632,
        0.6869000196456909,
        0.6916999816894531,
        0.6948000192642212,
        0.6976000070571899
      ]
    }
  }
}