{
  "config": {
    "model_name": "fashion-mnist",
    "node_id": 0,
    "num_nodes": 2,
    "epochs": 50,
    "batch_size": 32,
    "optimizer": "adam",
    "learning_rate": 0.001,
    "dp_enabled": true,
    "cascaded_dp": true,
    "l2_norm_clip": 1.0,
    "noise_multiplier": 0.5,
    "microbatches": 32,
    "partition_mode": "pure_label_skew",
    "num_train_samples": 30000
  },
  "performance": {
    "training_time_seconds": 718.14,
    "final_test_loss": 0.32889479398727417,
    "final_test_accuracy": 0.8827999830245972,
    "final_test_f1_macro": 0.8817290232593425
  },
  "privacy": {
    "epsilon": 6.5167,
    "delta": 3.3333333333333335e-05,
    "dp_drop_epoch": 13,
    "dp_slope_threshold": 0.01,
    "accuracy_plateau_threshold": 0.0005,
    "dp_drop_reason": {
      "epoch": 13,
      "slope_threshold": 0.01,
      "acc_variance_threshold": 0.0005,
      "rolling_mean": 5.931984763145446,
      "val_acc_window": [
        0.7613999843597412,
        0.7705000042915344,
        0.7718999981880188,
        0.7771999835968018,
        0.7836999893188477
      ]
    }
  }
}