{
  "config": {
    "model_name": "fashion-mnist",
    "node_id": 1,
    "num_nodes": 2,
    "epochs": 50,
    "batch_size": 32,
    "optimizer": "adam",
    "learning_rate": 0.001,
    "dp_enabled": true,
    "cascaded_dp": true,
    "l2_norm_clip": 1.0,
    "noise_multiplier": 0.5,
    "microbatches": 32,
    "partition_mode": "dirichlet",
    "num_train_samples": 31524
  },
  "performance": {
    "training_time_seconds": 994.72,
    "final_test_loss": 0.33006152510643005,
    "final_test_accuracy": 0.8812000155448914,
    "final_test_f1_macro": 0.8807033370992172
  },
  "privacy": {
    "epsilon": 6.3741,
    "delta": 3.17218627077782e-05,
    "dp_drop_epoch": 13,
    "dp_slope_threshold": 0.01,
    "accuracy_plateau_threshold": 0.0005,
    "dp_drop_reason": {
      "epoch": 13,
      "slope_threshold": 0.01,
      "acc_variance_threshold": 0.0005,
      "rolling_mean": 5.567243041992188,
      "val_acc_window": [
        0.7631000280380249,
        0.7630000114440918,
        0.7703999876976013,
        0.7710999846458435,
        0.7727000117301941
      ]
    }
  }
}